Tue Apr 02 05:09:02 PDT 2019,38
Tue Apr 02 05:16:18 PDT 2019,28
Tue Apr 02 05:31:40 PDT 2019,48
Tue Apr 02 05:36:55 PDT 2019,33
Tue Apr 02 06:01:22 PDT 2019,66
Tue Apr 02 06:08:24 PDT 2019,48
Tue Apr 02 06:14:19 PDT 2019,62
Tue Apr 02 06:20:31 PDT 2019,52
Tue Apr 02 06:24:50 PDT 2019,43
Tue Apr 02 06:32:22 PDT 2019,62
Tue Apr 02 06:37:10 PDT 2019,147
Tue Apr 02 06:42:13 PDT 2019,71
Tue Apr 02 06:58:09 PDT 2019,62
Tue Apr 02 07:02:45 PDT 2019,33
Tue Apr 02 07:10:33 PDT 2019,58
Tue Apr 02 07:21:34 PDT 2019,32
Tue Apr 02 07:32:13 PDT 2019,69
Tue Apr 02 07:38:30 PDT 2019,47
Tue Apr 02 07:42:45 PDT 2019,39
Tue Apr 02 08:06:37 PDT 2019,46
Tue Apr 02 08:07:03 PDT 2019,9
Tue Apr 02 08:15:10 PDT 2019,14
Tue Apr 02 08:22:10 PDT 2019,74
Tue Apr 02 08:28:21 PDT 2019,46
Tue Apr 02 08:33:27 PDT 2019,30
Tue Apr 02 08:38:13 PDT 2019,63
Tue Apr 02 08:41:15 PDT 2019,34
Tue Apr 02 08:58:46 PDT 2019,35
Tue Apr 02 09:10:41 PDT 2019,47
Tue Apr 02 09:25:06 PDT 2019,44
Tue Apr 02 09:27:07 PDT 2019,15
Tue Apr 02 09:35:08 PDT 2019,32
Tue Apr 02 09:43:40 PDT 2019,41
Tue Apr 02 09:51:18 PDT 2019,32
