Tue Apr 02 05:27:19 PDT 2019,29
Tue Apr 02 05:48:58 PDT 2019,36
Tue Apr 02 05:53:36 PDT 2019,223
Tue Apr 02 06:04:36 PDT 2019,27
Tue Apr 02 06:11:57 PDT 2019,33
Tue Apr 02 06:24:51 PDT 2019,455
Tue Apr 02 06:51:29 PDT 2019,48
Tue Apr 02 06:53:11 PDT 2019,32
Tue Apr 02 07:04:59 PDT 2019,4035
Tue Apr 02 07:21:14 PDT 2019,3860
Tue Apr 02 07:31:57 PDT 2019,49
Tue Apr 02 07:49:35 PDT 2019,47
Tue Apr 02 07:57:44 PDT 2019,3982
Tue Apr 02 08:03:10 PDT 2019,132
Tue Apr 02 08:04:29 PDT 2019,115
Tue Apr 02 08:31:57 PDT 2019,34
Tue Apr 02 08:33:49 PDT 2019,50
Tue Apr 02 08:38:16 PDT 2019,3760
Tue Apr 02 08:40:57 PDT 2019,259
Tue Apr 02 09:08:42 PDT 2019,19
Tue Apr 02 09:19:17 PDT 2019,145
Tue Apr 02 09:23:06 PDT 2019,28
Tue Apr 02 09:31:31 PDT 2019,32
